Number,"first name","last name",email,phone,website,terms,"public notes","private notes","job title","address 1","address 2",postcode,town,city,name,description
,,,gina55@ruecker.info,,http://www.schamberger.com/,,,,,"Sipes Mission","84439 Jordyn Parkways",96880,expedita,"Lake Kaseymouth",Kovacek-Towne,
,,,dessie.armstrong@gmail.com,,http://tremblay.com/similique-sequi-aut-quaerat-repudiandae,,,,,"Wehner Mountain","37214 Jasmin Unions",55054,labore,"South Jadonside","Kuhlman PLC",
,,,gusikowski.ayla@gmail.com,,http://conn.com/asperiores-ex-non-nemo-voluptatem-deserunt-alias-sed-et.html,,,,,"Batz Ports","4759 Eugenia Manors Apt. 859",41701,consequatur,"North Darbybury","Turner, Simonis and Parisian",
,,,green.roob@emard.com,,http://waelchi.com/,,,,,"Senger Walk","858 Shaun Crossing Apt. 183",07567,consequuntur,"East Lydiaside","Deckow PLC",
,,,balistreri.queenie@hotmail.com,,https://jerde.biz/dicta-qui-omnis-hic-sit-sed.html,,,,,"Linnea Meadows","29773 Madisen Corners",39652,qui,"North Brisa","Glover Group",
,,,rippin.meda@yahoo.com,,http://rohan.com/omnis-qui-voluptas-voluptatem-aliquid-repellat-quae,,,,,"Jacobi Square","87619 Devyn Lights Apt. 553",25112-9968,sequi,Daughertymouth,Yost-Ritchie,
,,,alexandrea.hayes@yahoo.com,,http://www.howell.com/aut-dolorem-doloremque-reiciendis-nihil-minima-necessitatibus.html,,,,,"Janet Lodge","8956 Deckow Land",31917-8824,rerum,Otisport,"Hudson LLC",
,,,oreilly.zita@gmail.com,,http://tromp.com/iusto-rerum-dolor-ut-harum.html,,,,,"Turner Forge","3211 Theodore Dale Suite 700",27487-6666,voluptatem,"North Tristonside",Crona-Luettgen,
,,,jacquelyn34@gmail.com,,http://schultz.biz/eius-molestias-ut-nulla-illo,,,,,"Leannon Lodge","93855 Randal Creek Apt. 887",35021,est,Ericahaven,"Crona Inc",
,,,muller.breana@hotmail.com,,http://www.orn.com/molestiae-est-recusandae-ullam-voluptatem,,,,,"Nienow Shores","61493 Max Pine",70093,deserunt,"New Jonathon",Buckridge-Schultz,
,,,nbuckridge@gmail.com,,https://www.hackett.com/dolores-laudantium-quia-quisquam-odit-aut-est-est,,,,,"O'Connell Forest","57452 Cremin Valleys Suite 413",55720,possimus,Ericland,"Stamm LLC",
,,,raegan.schmidt@hotmail.com,,http://reichel.com/et-et-eos-reiciendis-deleniti-sequi-ea-voluptatem-ducimus,,,,,"Ofelia Center","2162 Rosemarie Summit",84307,consequuntur,"Lake Consueloport","Schmitt, Stiedemann and Bergnaum",
,,,lou46@kunde.net,,http://www.treutel.com/corporis-explicabo-voluptas-est-minima-ipsam-repudiandae,,,,,"Jaiden Overpass","5183 Walker Canyon Apt. 340",74639-2919,nulla,Bretland,"Sipes, Sanford and Wuckert",
,,,sfeest@nienow.org,,http://www.towne.info/quae-cumque-officia-voluptatem-minima-veritatis,,,,,"Borer Fields","55036 Melody Harbor",86586,tenetur,"New Nestor","Mraz, Rosenbaum and Kub",
,,,cruickshank.giles@ernser.biz,,http://mohr.com/consequatur-rerum-ut-possimus-inventore-sed-accusantium-reiciendis,,,,,"Veum Green","2252 Shad Ville",58087-3982,facere,Batzhaven,"Dare, Rolfson and Stehr",
,,,torp.fanny@grimes.com,,http://www.batz.com/odit-ut-occaecati-asperiores-beatae-laudantium-voluptatibus-est-dolorem,,,,,"Beer Cliffs","89838 Witting Mills",39372-0581,animi,"New Ramon","Kozey, Roob and Cassin",
,,,econn@ullrich.com,,http://lindgren.com/recusandae-est-veniam-repellat-incidunt.html,,,,,"Nedra Park","1336 Will Mews Suite 833",64187-0771,qui,"South Oletaton",Wolf-Zulauf,
,,,ikreiger@gmail.com,,http://gislason.com/,,,,,"Thiel Ramp","99702 Ryan Spring",67561,repellat,"South Porterburgh",Gusikowski-Larson,
,,,marley.schowalter@legros.info,,http://www.parker.com/,,,,,"Schmitt Cliff","5820 Arely Lights Suite 766",80874,a,Framibury,Murazik-Gottlieb,
,,,herzog.freeman@goyette.com,,http://www.friesen.com/laborum-quidem-similique-numquam-est-doloremque-reprehenderit-at,,,,,"Mayert Passage","579 Thiel Wall",41075-9348,quas,"North Korbinborough","Parisian, Crona and Bednar",
,,,mayert.marcella@sauer.info,,http://www.reynolds.com/voluptatum-quo-omnis-laborum-magni,,,,,"Feest Pass","6182 Stephania Course",73578-4340,eligendi,"Port Ceasar",Kilback-Nolan,
,,,christy.bernier@wolff.com,,http://beier.net/dolor-velit-officiis-mollitia-provident,,,,,"Donnelly Shoal","28038 Allene Grove",82975,et,Eliseoside,"Fay PLC",
,,,betty.abbott@turner.com,,http://www.lynch.org/non-quo-inventore-dolores-velit-hic-odit-quisquam,,,,,"Elisabeth View","8299 Wilton Meadow Suite 497",58723-6960,nihil,Schulistbury,"Kilback Inc",
,,,reichert.eldora@kutch.com,,https://www.ebert.com/voluptatum-voluptas-autem-modi,,,,,"Jany Plains","7593 Desiree Mountains Apt. 610",94363-0230,minus,"East Bertatown","Gutkowski, Rodriguez and Tromp",
,,,jovanny.cremin@heidenreich.org,,http://frami.com/culpa-aut-quia-nobis-porro-fugit.html,,,,,"Ernser Circles","742 Ashton Via",98556,eligendi,"East Bartholome","Howell LLC",
,,,johns.christy@swaniawski.com,,http://www.paucek.com/id-vel-perspiciatis-qui-consequuntur-ea,,,,,"Pfannerstill Orchard","64944 Darrick Mountains Apt. 379",77990-4040,doloribus,Mckaylaview,Klein-Bode,
,,,cleveland.lakin@yahoo.com,,http://abernathy.com/soluta-ex-aut-nam-cum,,,,,"Anabelle Green","68584 Runolfsdottir Lodge",20408,eum,"New Beatrice",Runolfsdottir-Rohan,
,,,mohr.skylar@paucek.com,,http://www.deckow.com/,,,,,"Weimann Mountains","4213 Margaretta Terrace",60102,sint,Madonnaview,Balistreri-Goyette,
,,,bernard.crooks@hotmail.com,,http://www.harris.com/reiciendis-sunt-repellat-saepe-ad-rerum-voluptatem-repudiandae,,,,,"Kling Mountain","35325 Walsh Course Suite 099",31896-2573,provident,"West Davon",Mayer-Bins,
,,,fwalsh@yahoo.com,,https://www.douglas.com/molestiae-eaque-rerum-aut-commodi-maxime,,,,,"Van Tunnel","569 Lakin Lane Apt. 269",09226,nihil,"New Bonniemouth","Bauch, Emmerich and Carroll",
,,,brown.kessler@nader.com,,http://pfeffer.com/,,,,,"Johnson Coves","57579 O'Keefe Centers",26731-5818,porro,"West Grant","Koepp, Ankunding and Hirthe",
0024,,,michaelhamptondesign@yahoo.com,,"test website",,,,,"street 1","street 2",postcode,city,city,"import company testabc",
0023,Import1,Import2,import1@yahoo.com,01202453216,website,,,,,"address 1","address 2",zip,town,city,"test import company 2a",
0021,,,test3@yahoo.com,,testwebsite,,,,,"billing 1n","billing 2","billing 3","billing 4","billing 4","test mike 22",
0014,,,,,,,,,,,,,,,"Test Test",
0013,,,,,,,,,,,,,,,"John Hancock",
0001,test,bloggs,joe.bloggs@yahoo.com,01590677428,"test logo",,,,,"billing 1n","billing 2","billing 3","billing 4","billing 4","test logo",
,Tamara,Hampton,tamara.hampton@yahoo.com,01425629322,testmike.com,,,,,"billing 1n","billing 2","billing 3","billing 4","billing 4","test mike",
